{
 "ours_30000": {
  "SSIM": {
   "00003.png": 0.8777011632919312,
   "00000.png": 0.9825685024261475,
   "00065.png": 0.8808957934379578,
   "00056.png": 0.9372102618217468,
   "00067.png": 0.9138724207878113,
   "00033.png": 0.9806205630302429,
   "00058.png": 0.9105257987976074,
   "00069.png": 0.9776455760002136,
   "00008.png": 0.8856102824211121,
   "00047.png": 0.8883773684501648,
   "00026.png": 0.9700612425804138,
   "00045.png": 0.9017709493637085,
   "00006.png": 0.9625059962272644,
   "00041.png": 0.9476870894432068,
   "00004.png": 0.9521430730819702,
   "00039.png": 0.9605964422225952,
   "00012.png": 0.9725937247276306,
   "00050.png": 0.9010902643203735,
   "00027.png": 0.9824336767196655,
   "00063.png": 0.9232980608940125,
   "00070.png": 0.9044921398162842,
   "00021.png": 0.9777430891990662,
   "00042.png": 0.9688040018081665,
   "00052.png": 0.9817439913749695,
   "00007.png": 0.9342414736747742,
   "00002.png": 0.9788670539855957,
   "00066.png": 0.9470729231834412,
   "00036.png": 0.8905785083770752,
   "00048.png": 0.9159044027328491,
   "00023.png": 0.9151325225830078,
   "00016.png": 0.8881735801696777,
   "00055.png": 0.8878371119499207,
   "00044.png": 0.9120113849639893,
   "00064.png": 0.9464157819747925,
   "00031.png": 0.9618868827819824,
   "00015.png": 0.8860353231430054,
   "00030.png": 0.9261620044708252,
   "00068.png": 0.8988925814628601,
   "00053.png": 0.9676884412765503,
   "00028.png": 0.9450199007987976,
   "00035.png": 0.9767122268676758,
   "00011.png": 0.9427809119224548,
   "00020.png": 0.882398784160614,
   "00010.png": 0.9605228900909424,
   "00037.png": 0.9843953847885132,
   "00061.png": 0.905683696269989,
   "00057.png": 0.9704833030700684,
   "00025.png": 0.9830540418624878,
   "00009.png": 0.8868674039840698,
   "00034.png": 0.8871463537216187,
   "00059.png": 0.9069316387176514,
   "00013.png": 0.8662225604057312,
   "00043.png": 0.924004316329956,
   "00032.png": 0.9606343507766724,
   "00060.png": 0.9798998236656189,
   "00019.png": 0.9807089567184448,
   "00029.png": 0.9589747190475464,
   "00001.png": 0.9406788349151611,
   "00040.png": 0.8956708312034607,
   "00062.png": 0.8774397373199463,
   "00071.png": 0.895348072052002,
   "00049.png": 0.8889362215995789,
   "00005.png": 0.9752354621887207,
   "00018.png": 0.9771379232406616,
   "00051.png": 0.9697890281677246,
   "00014.png": 0.950507640838623,
   "00022.png": 0.9836861491203308,
   "00017.png": 0.8783482313156128,
   "00054.png": 0.8896076679229736,
   "00038.png": 0.964587390422821,
   "00024.png": 0.9159526824951172,
   "00046.png": 0.9552736282348633
  },
  "PSNR": {
   "00003.png": 22.91050910949707,
   "00000.png": 31.542234420776367,
   "00065.png": 23.36393165588379,
   "00056.png": 26.080036163330078,
   "00067.png": 25.02193260192871,
   "00033.png": 31.966617584228516,
   "00058.png": 23.816165924072266,
   "00069.png": 29.781265258789062,
   "00008.png": 23.09246063232422,
   "00047.png": 23.598976135253906,
   "00026.png": 29.117443084716797,
   "00045.png": 24.099302291870117,
   "00006.png": 28.425689697265625,
   "00041.png": 27.848169326782227,
   "00004.png": 27.80170440673828,
   "00039.png": 28.36544418334961,
   "00012.png": 29.670211791992188,
   "00050.png": 23.622081756591797,
   "00027.png": 32.366363525390625,
   "00063.png": 25.691850662231445,
   "00070.png": 24.539894104003906,
   "00021.png": 30.512916564941406,
   "00042.png": 28.723974227905273,
   "00052.png": 31.525836944580078,
   "00007.png": 26.365726470947266,
   "00002.png": 30.173770904541016,
   "00066.png": 27.72524070739746,
   "00036.png": 23.731040954589844,
   "00048.png": 24.91278839111328,
   "00023.png": 24.287071228027344,
   "00016.png": 23.209684371948242,
   "00055.png": 23.23846435546875,
   "00044.png": 24.494319915771484,
   "00064.png": 27.382116317749023,
   "00031.png": 29.090307235717773,
   "00015.png": 22.96585464477539,
   "00030.png": 25.419300079345703,
   "00068.png": 23.473644256591797,
   "00053.png": 29.523651123046875,
   "00028.png": 27.773942947387695,
   "00035.png": 31.284208297729492,
   "00011.png": 27.188159942626953,
   "00020.png": 22.16560173034668,
   "00010.png": 28.496753692626953,
   "00037.png": 32.43768310546875,
   "00061.png": 23.918720245361328,
   "00057.png": 28.955883026123047,
   "00025.png": 31.88084602355957,
   "00009.png": 22.947742462158203,
   "00034.png": 23.15854263305664,
   "00059.png": 23.504531860351562,
   "00013.png": 22.28533935546875,
   "00043.png": 25.83205795288086,
   "00032.png": 27.184885025024414,
   "00060.png": 30.044998168945312,
   "00019.png": 31.98989486694336,
   "00029.png": 28.21078109741211,
   "00001.png": 26.76439666748047,
   "00040.png": 23.30502700805664,
   "00062.png": 23.216588973999023,
   "00071.png": 23.271957397460938,
   "00049.png": 23.18787384033203,
   "00005.png": 29.35344886779785,
   "00018.png": 31.129953384399414,
   "00051.png": 29.67258644104004,
   "00014.png": 27.964344024658203,
   "00022.png": 32.75379180908203,
   "00017.png": 21.99275779724121,
   "00054.png": 23.796436309814453,
   "00038.png": 27.52672004699707,
   "00024.png": 24.810678482055664,
   "00046.png": 28.690677642822266
  },
  "LPIPS": {
   "00003.png": 0.17694926261901855,
   "00000.png": 0.04365381598472595,
   "00065.png": 0.16739411652088165,
   "00056.png": 0.10542357712984085,
   "00067.png": 0.12042444199323654,
   "00033.png": 0.03804115206003189,
   "00058.png": 0.12525726854801178,
   "00069.png": 0.05287646874785423,
   "00008.png": 0.15368446707725525,
   "00047.png": 0.17123064398765564,
   "00026.png": 0.06244905665516853,
   "00045.png": 0.1279878467321396,
   "00006.png": 0.06384094059467316,
   "00041.png": 0.0893966555595398,
   "00004.png": 0.09188273549079895,
   "00039.png": 0.07387044280767441,
   "00012.png": 0.05153176188468933,
   "00050.png": 0.1395883560180664,
   "00027.png": 0.03593720123171806,
   "00063.png": 0.12007742375135422,
   "00070.png": 0.12538515031337738,
   "00021.png": 0.047521479427814484,
   "00042.png": 0.050421129912137985,
   "00052.png": 0.04864073917269707,
   "00007.png": 0.11497579514980316,
   "00002.png": 0.049341194331645966,
   "00066.png": 0.09436200559139252,
   "00036.png": 0.15689334273338318,
   "00048.png": 0.11905819177627563,
   "00023.png": 0.14374575018882751,
   "00016.png": 0.15121719241142273,
   "00055.png": 0.12931284308433533,
   "00044.png": 0.12648819386959076,
   "00064.png": 0.08399640023708344,
   "00031.png": 0.07460794597864151,
   "00015.png": 0.15385304391384125,
   "00030.png": 0.124454066157341,
   "00068.png": 0.1323896050453186,
   "00053.png": 0.06868822872638702,
   "00028.png": 0.10631632059812546,
   "00035.png": 0.04543518275022507,
   "00011.png": 0.09785918891429901,
   "00020.png": 0.17314356565475464,
   "00010.png": 0.07312172651290894,
   "00037.png": 0.04038679972290993,
   "00061.png": 0.1481996774673462,
   "00057.png": 0.06283736974000931,
   "00025.png": 0.040946319699287415,
   "00009.png": 0.1469719558954239,
   "00034.png": 0.15197613835334778,
   "00059.png": 0.12641188502311707,
   "00013.png": 0.16835780441761017,
   "00043.png": 0.12213476002216339,
   "00032.png": 0.059590816497802734,
   "00060.png": 0.04505351185798645,
   "00019.png": 0.040919944643974304,
   "00029.png": 0.07081371545791626,
   "00001.png": 0.101742684841156,
   "00040.png": 0.13322380185127258,
   "00062.png": 0.166807621717453,
   "00071.png": 0.15189704298973083,
   "00049.png": 0.14468571543693542,
   "00005.png": 0.04286537319421768,
   "00018.png": 0.04611402377486229,
   "00051.png": 0.05440765619277954,
   "00014.png": 0.08939126878976822,
   "00022.png": 0.03608807548880577,
   "00017.png": 0.1633211374282837,
   "00054.png": 0.1634673923254013,
   "00038.png": 0.06584099680185318,
   "00024.png": 0.11830452084541321,
   "00046.png": 0.0778345912694931
  }
 }
}