{
 "ours_30000": {
  "SSIM": 0.9341601133346558,
  "PSNR": 26.752443313598633,
  "LPIPS": 0.10115721076726913
 }
}