{
 "ours_7000": {
  "SSIM": {
   "00003.png": 0.8472668528556824,
   "00000.png": 0.9478508234024048,
   "00065.png": 0.9096031188964844,
   "00056.png": 0.9303982257843018,
   "00067.png": 0.8692018985748291,
   "00033.png": 0.9478694796562195,
   "00058.png": 0.880273699760437,
   "00069.png": 0.9343988299369812,
   "00008.png": 0.9004684686660767,
   "00047.png": 0.8147667646408081,
   "00026.png": 0.9484313726425171,
   "00045.png": 0.875074565410614,
   "00006.png": 0.9573156237602234,
   "00041.png": 0.9194633960723877,
   "00004.png": 0.9411457777023315,
   "00039.png": 0.9519962072372437,
   "00012.png": 0.9321422576904297,
   "00050.png": 0.85793137550354,
   "00027.png": 0.9490063190460205,
   "00063.png": 0.89583420753479,
   "00070.png": 0.8675143718719482,
   "00021.png": 0.9357566833496094,
   "00042.png": 0.9279763102531433,
   "00052.png": 0.9500295519828796,
   "00007.png": 0.9345700144767761,
   "00002.png": 0.9524056315422058,
   "00066.png": 0.9298907518386841,
   "00036.png": 0.9205065965652466,
   "00048.png": 0.8706170916557312,
   "00023.png": 0.9482366442680359,
   "00016.png": 0.8211984634399414,
   "00055.png": 0.9113812446594238,
   "00044.png": 0.85854572057724,
   "00064.png": 0.9408186674118042,
   "00031.png": 0.9368108510971069,
   "00015.png": 0.8239361047744751,
   "00030.png": 0.9444918632507324,
   "00068.png": 0.8510339260101318,
   "00053.png": 0.9546793699264526,
   "00028.png": 0.9375430941581726,
   "00035.png": 0.9312536120414734,
   "00011.png": 0.931850790977478,
   "00020.png": 0.8862845301628113,
   "00010.png": 0.9442495107650757,
   "00037.png": 0.9578642845153809,
   "00061.png": 0.9241406321525574,
   "00057.png": 0.9521559476852417,
   "00025.png": 0.9515056610107422,
   "00009.png": 0.83685702085495,
   "00034.png": 0.8435875773429871,
   "00059.png": 0.839272677898407,
   "00013.png": 0.8391814231872559,
   "00043.png": 0.9095557928085327,
   "00032.png": 0.9251155853271484,
   "00060.png": 0.9434982538223267,
   "00019.png": 0.9467858672142029,
   "00029.png": 0.9368637800216675,
   "00001.png": 0.9282087087631226,
   "00040.png": 0.8550231456756592,
   "00062.png": 0.8437630534172058,
   "00071.png": 0.8502494692802429,
   "00049.png": 0.8403253555297852,
   "00005.png": 0.9574962854385376,
   "00018.png": 0.9412319660186768,
   "00051.png": 0.9359160661697388,
   "00014.png": 0.9339293837547302,
   "00022.png": 0.9500105381011963,
   "00017.png": 0.925051212310791,
   "00054.png": 0.8296963572502136,
   "00038.png": 0.956169843673706,
   "00024.png": 0.8767373561859131,
   "00046.png": 0.9246088266372681
  },
  "PSNR": {
   "00003.png": 21.894611358642578,
   "00000.png": 27.207317352294922,
   "00065.png": 23.989948272705078,
   "00056.png": 25.269298553466797,
   "00067.png": 22.18109130859375,
   "00033.png": 27.2572021484375,
   "00058.png": 21.772706985473633,
   "00069.png": 25.50716209411621,
   "00008.png": 23.822208404541016,
   "00047.png": 21.034326553344727,
   "00026.png": 26.638980865478516,
   "00045.png": 22.244131088256836,
   "00006.png": 27.140357971191406,
   "00041.png": 23.710071563720703,
   "00004.png": 26.00286102294922,
   "00039.png": 26.502506256103516,
   "00012.png": 24.757381439208984,
   "00050.png": 20.679096221923828,
   "00027.png": 27.640060424804688,
   "00063.png": 23.109912872314453,
   "00070.png": 21.579750061035156,
   "00021.png": 25.10719108581543,
   "00042.png": 24.79916000366211,
   "00052.png": 27.348255157470703,
   "00007.png": 25.195505142211914,
   "00002.png": 27.145423889160156,
   "00066.png": 24.761688232421875,
   "00036.png": 24.556285858154297,
   "00048.png": 22.28641700744629,
   "00023.png": 26.354820251464844,
   "00016.png": 20.701780319213867,
   "00055.png": 24.59212303161621,
   "00044.png": 21.111621856689453,
   "00064.png": 26.052892684936523,
   "00031.png": 24.919748306274414,
   "00015.png": 20.656070709228516,
   "00030.png": 26.182846069335938,
   "00068.png": 20.318525314331055,
   "00053.png": 27.204818725585938,
   "00028.png": 25.379812240600586,
   "00035.png": 25.594261169433594,
   "00011.png": 25.46695327758789,
   "00020.png": 23.379241943359375,
   "00010.png": 26.173309326171875,
   "00037.png": 27.646595001220703,
   "00061.png": 24.465362548828125,
   "00057.png": 26.903696060180664,
   "00025.png": 26.972244262695312,
   "00009.png": 20.54429054260254,
   "00034.png": 21.033145904541016,
   "00059.png": 20.258705139160156,
   "00013.png": 21.56778335571289,
   "00043.png": 23.87649917602539,
   "00032.png": 24.351289749145508,
   "00060.png": 26.015958786010742,
   "00019.png": 27.2440242767334,
   "00029.png": 25.603866577148438,
   "00001.png": 25.189624786376953,
   "00040.png": 20.47783088684082,
   "00062.png": 20.978042602539062,
   "00071.png": 21.915000915527344,
   "00049.png": 20.0350399017334,
   "00005.png": 27.490604400634766,
   "00018.png": 26.755754470825195,
   "00051.png": 25.866060256958008,
   "00014.png": 25.422861099243164,
   "00022.png": 27.175804138183594,
   "00017.png": 25.213088989257812,
   "00054.png": 21.2653751373291,
   "00038.png": 26.19683265686035,
   "00024.png": 22.3734188079834,
   "00046.png": 24.116397857666016
  },
  "LPIPS": {
   "00003.png": 0.20876547694206238,
   "00000.png": 0.10113082826137543,
   "00065.png": 0.13052764534950256,
   "00056.png": 0.10141099244356155,
   "00067.png": 0.1665882170200348,
   "00033.png": 0.09513455629348755,
   "00058.png": 0.17405083775520325,
   "00069.png": 0.10790080577135086,
   "00008.png": 0.13471469283103943,
   "00047.png": 0.24058985710144043,
   "00026.png": 0.08783136308193207,
   "00045.png": 0.17563501000404358,
   "00006.png": 0.083844855427742,
   "00041.png": 0.10334319621324539,
   "00004.png": 0.11337639391422272,
   "00039.png": 0.08758987486362457,
   "00012.png": 0.09817375242710114,
   "00050.png": 0.1999918520450592,
   "00027.png": 0.0891956016421318,
   "00063.png": 0.1508185714483261,
   "00070.png": 0.17874133586883545,
   "00021.png": 0.09370216727256775,
   "00042.png": 0.1108257919549942,
   "00052.png": 0.095504991710186,
   "00007.png": 0.11929353326559067,
   "00002.png": 0.0933140367269516,
   "00066.png": 0.1110006794333458,
   "00036.png": 0.11728942394256592,
   "00048.png": 0.17455846071243286,
   "00023.png": 0.09426335245370865,
   "00016.png": 0.24000418186187744,
   "00055.png": 0.12643015384674072,
   "00044.png": 0.169090136885643,
   "00064.png": 0.10487737506628036,
   "00031.png": 0.08987915515899658,
   "00015.png": 0.2408534437417984,
   "00030.png": 0.09511248767375946,
   "00068.png": 0.19849219918251038,
   "00053.png": 0.09200488030910492,
   "00028.png": 0.11410808563232422,
   "00035.png": 0.10118649899959564,
   "00011.png": 0.10752219706773758,
   "00020.png": 0.16769514977931976,
   "00010.png": 0.1038438081741333,
   "00037.png": 0.08421187847852707,
   "00061.png": 0.11415871977806091,
   "00057.png": 0.0861920565366745,
   "00025.png": 0.08674243092536926,
   "00009.png": 0.2182168811559677,
   "00034.png": 0.217660591006279,
   "00059.png": 0.2121584713459015,
   "00013.png": 0.20995637774467468,
   "00043.png": 0.13779667019844055,
   "00032.png": 0.10178335756063461,
   "00060.png": 0.10033540427684784,
   "00019.png": 0.09589613974094391,
   "00029.png": 0.11349497735500336,
   "00001.png": 0.11845266819000244,
   "00040.png": 0.1957400143146515,
   "00062.png": 0.2191011607646942,
   "00071.png": 0.19137555360794067,
   "00049.png": 0.20580913126468658,
   "00005.png": 0.08660583198070526,
   "00018.png": 0.09392903000116348,
   "00051.png": 0.09894990921020508,
   "00014.png": 0.10253775119781494,
   "00022.png": 0.09217137098312378,
   "00017.png": 0.12775486707687378,
   "00054.png": 0.23674321174621582,
   "00038.png": 0.0872768759727478,
   "00024.png": 0.16640862822532654,
   "00046.png": 0.09997156262397766
  }
 }
}