{
 "ours_7000": {
  "SSIM": 0.9094002842903137,
  "PSNR": 24.33590316772461,
  "LPIPS": 0.13460610806941986
 }
}