{
 "ours_7000": {
  "SSIM": {
   "00003.png": 0.9394826889038086,
   "00000.png": 0.9472665786743164,
   "00065.png": 0.9315640330314636,
   "00056.png": 0.9357770681381226,
   "00067.png": 0.9303644895553589,
   "00033.png": 0.9441322088241577,
   "00058.png": 0.9418942928314209,
   "00069.png": 0.9327359199523926,
   "00008.png": 0.9336704015731812,
   "00047.png": 0.9305572509765625,
   "00026.png": 0.9464010000228882,
   "00045.png": 0.9321441650390625,
   "00006.png": 0.9556669592857361,
   "00041.png": 0.9272348284721375,
   "00004.png": 0.9468246698379517,
   "00039.png": 0.9506868124008179,
   "00012.png": 0.9279395937919617,
   "00050.png": 0.9210509061813354,
   "00027.png": 0.9456131458282471,
   "00063.png": 0.938220202922821,
   "00070.png": 0.9236575961112976,
   "00021.png": 0.9346436262130737,
   "00042.png": 0.9225466251373291,
   "00052.png": 0.949763298034668,
   "00007.png": 0.9547289609909058,
   "00002.png": 0.9526287913322449,
   "00066.png": 0.9449930191040039,
   "00036.png": 0.9356651306152344,
   "00048.png": 0.933587908744812,
   "00023.png": 0.9550649523735046,
   "00016.png": 0.9318432807922363,
   "00055.png": 0.9410438537597656,
   "00044.png": 0.9131678938865662,
   "00064.png": 0.9466608762741089,
   "00031.png": 0.9374347925186157,
   "00015.png": 0.9313569068908691,
   "00030.png": 0.951532244682312,
   "00068.png": 0.9153814315795898,
   "00053.png": 0.9584299325942993,
   "00028.png": 0.9552197456359863,
   "00035.png": 0.9300727844238281,
   "00011.png": 0.9360498189926147,
   "00020.png": 0.9436663389205933,
   "00010.png": 0.9465044736862183,
   "00037.png": 0.9572669267654419,
   "00061.png": 0.9341139793395996,
   "00057.png": 0.9508947134017944,
   "00025.png": 0.9494931697845459,
   "00009.png": 0.9214481711387634,
   "00034.png": 0.9373254179954529,
   "00059.png": 0.9240531325340271,
   "00013.png": 0.9318311214447021,
   "00043.png": 0.9395488500595093,
   "00032.png": 0.9222285747528076,
   "00060.png": 0.9420546293258667,
   "00019.png": 0.9463092684745789,
   "00029.png": 0.9408715963363647,
   "00001.png": 0.9331889152526855,
   "00040.png": 0.9245612025260925,
   "00062.png": 0.9246845245361328,
   "00071.png": 0.9301640391349792,
   "00049.png": 0.9120809435844421,
   "00005.png": 0.9570218324661255,
   "00018.png": 0.9404996633529663,
   "00051.png": 0.9359032511711121,
   "00014.png": 0.937715470790863,
   "00022.png": 0.9472689032554626,
   "00017.png": 0.9531492590904236,
   "00054.png": 0.9413110613822937,
   "00038.png": 0.9545069932937622,
   "00024.png": 0.94107985496521,
   "00046.png": 0.928691565990448
  },
  "PSNR": {
   "00003.png": 26.001773834228516,
   "00000.png": 26.975276947021484,
   "00065.png": 24.73736572265625,
   "00056.png": 25.58845329284668,
   "00067.png": 24.69045639038086,
   "00033.png": 26.721933364868164,
   "00058.png": 25.215665817260742,
   "00069.png": 24.98999786376953,
   "00008.png": 25.189937591552734,
   "00047.png": 26.02668571472168,
   "00026.png": 26.596128463745117,
   "00045.png": 24.855941772460938,
   "00006.png": 26.982666015625,
   "00041.png": 24.101444244384766,
   "00004.png": 26.487525939941406,
   "00039.png": 26.353591918945312,
   "00012.png": 24.333694458007812,
   "00050.png": 24.27489471435547,
   "00027.png": 27.091501235961914,
   "00063.png": 24.924638748168945,
   "00070.png": 24.055593490600586,
   "00021.png": 24.99805450439453,
   "00042.png": 24.592363357543945,
   "00052.png": 27.06490707397461,
   "00007.png": 26.496200561523438,
   "00002.png": 26.927602767944336,
   "00066.png": 25.77174186706543,
   "00036.png": 25.145217895507812,
   "00048.png": 24.927690505981445,
   "00023.png": 27.050535202026367,
   "00016.png": 26.1280517578125,
   "00055.png": 26.06851577758789,
   "00044.png": 22.712783813476562,
   "00064.png": 26.570825576782227,
   "00031.png": 25.090938568115234,
   "00015.png": 26.220184326171875,
   "00030.png": 26.8394832611084,
   "00068.png": 23.897754669189453,
   "00053.png": 27.719722747802734,
   "00028.png": 26.594799041748047,
   "00035.png": 25.645984649658203,
   "00011.png": 25.773662567138672,
   "00020.png": 26.82765769958496,
   "00010.png": 26.358556747436523,
   "00037.png": 27.51502799987793,
   "00061.png": 24.923995971679688,
   "00057.png": 26.759431838989258,
   "00025.png": 26.803361892700195,
   "00009.png": 24.958393096923828,
   "00034.png": 26.136775970458984,
   "00059.png": 24.77178192138672,
   "00013.png": 25.75888442993164,
   "00043.png": 25.36373519897461,
   "00032.png": 24.230937957763672,
   "00060.png": 25.86637306213379,
   "00019.png": 27.095115661621094,
   "00029.png": 25.81698989868164,
   "00001.png": 25.5202579498291,
   "00040.png": 24.250219345092773,
   "00062.png": 25.483943939208984,
   "00071.png": 25.643264770507812,
   "00049.png": 23.593914031982422,
   "00005.png": 27.303112030029297,
   "00018.png": 26.727602005004883,
   "00051.png": 25.941877365112305,
   "00014.png": 25.837997436523438,
   "00022.png": 26.619869232177734,
   "00017.png": 27.128376007080078,
   "00054.png": 26.689056396484375,
   "00038.png": 25.976505279541016,
   "00024.png": 25.356361389160156,
   "00046.png": 24.451614379882812
  },
  "LPIPS": {
   "00003.png": 0.10262535512447357,
   "00000.png": 0.09792135655879974,
   "00065.png": 0.09771998226642609,
   "00056.png": 0.09476016461849213,
   "00067.png": 0.09995019435882568,
   "00033.png": 0.10971958935260773,
   "00058.png": 0.09623254835605621,
   "00069.png": 0.1048782467842102,
   "00008.png": 0.09653826057910919,
   "00047.png": 0.10062004625797272,
   "00026.png": 0.09261824190616608,
   "00045.png": 0.10762076079845428,
   "00006.png": 0.08831363171339035,
   "00041.png": 0.09764580428600311,
   "00004.png": 0.10520711541175842,
   "00039.png": 0.08750074356794357,
   "00012.png": 0.10037592798471451,
   "00050.png": 0.11108875274658203,
   "00027.png": 0.09633464366197586,
   "00063.png": 0.10565957427024841,
   "00070.png": 0.11302851140499115,
   "00021.png": 0.09991075098514557,
   "00042.png": 0.11604413390159607,
   "00052.png": 0.09599563479423523,
   "00007.png": 0.0916486531496048,
   "00002.png": 0.0957593023777008,
   "00066.png": 0.0976046770811081,
   "00036.png": 0.09891223907470703,
   "00048.png": 0.11001735925674438,
   "00023.png": 0.07763922214508057,
   "00016.png": 0.10777269303798676,
   "00055.png": 0.09076355397701263,
   "00044.png": 0.1157539039850235,
   "00064.png": 0.09536382555961609,
   "00031.png": 0.09122417867183685,
   "00015.png": 0.10862322896718979,
   "00030.png": 0.08604779839515686,
   "00068.png": 0.10714355856180191,
   "00053.png": 0.08423830568790436,
   "00028.png": 0.0927545353770256,
   "00035.png": 0.11074875295162201,
   "00011.png": 0.09932594746351242,
   "00020.png": 0.09666096419095993,
   "00010.png": 0.09126373380422592,
   "00037.png": 0.08316369354724884,
   "00061.png": 0.09898443520069122,
   "00057.png": 0.08550091087818146,
   "00025.png": 0.09031465649604797,
   "00009.png": 0.11425496637821198,
   "00034.png": 0.09834779798984528,
   "00059.png": 0.10361670702695847,
   "00013.png": 0.11069342494010925,
   "00043.png": 0.10349087417125702,
   "00032.png": 0.10571883618831635,
   "00060.png": 0.10381251573562622,
   "00019.png": 0.1010996550321579,
   "00029.png": 0.10416826605796814,
   "00001.png": 0.11292937397956848,
   "00040.png": 0.10575506091117859,
   "00062.png": 0.11197667568922043,
   "00071.png": 0.11131461709737778,
   "00049.png": 0.11417792737483978,
   "00005.png": 0.09008517861366272,
   "00018.png": 0.09925864636898041,
   "00051.png": 0.10404138267040253,
   "00014.png": 0.09496383368968964,
   "00022.png": 0.10439668595790863,
   "00017.png": 0.08953269571065903,
   "00054.png": 0.09866330027580261,
   "00038.png": 0.09009002149105072,
   "00024.png": 0.09814418852329254,
   "00046.png": 0.10069213807582855
  }
 }
}