{
 "ours_7000": {
  "SSIM": 0.938390851020813,
  "PSNR": 25.751991271972656,
  "LPIPS": 0.09995506703853607
 }
}