{
 "ours_30000": {
  "SSIM": {
   "00003.png": 0.9458186030387878,
   "00000.png": 0.9789924621582031,
   "00065.png": 0.943266749382019,
   "00056.png": 0.9387575387954712,
   "00067.png": 0.9823498725891113,
   "00033.png": 0.9766825437545776,
   "00058.png": 0.9766538143157959,
   "00069.png": 0.9788154363632202,
   "00008.png": 0.9432735443115234,
   "00047.png": 0.9394106864929199,
   "00026.png": 0.9764808416366577,
   "00045.png": 0.9798657894134521,
   "00006.png": 0.9751492738723755,
   "00041.png": 0.9829050898551941,
   "00004.png": 0.9504050612449646,
   "00039.png": 0.9760076999664307,
   "00012.png": 0.9760968089103699,
   "00050.png": 0.9782756567001343,
   "00027.png": 0.9799002408981323,
   "00063.png": 0.9822009801864624,
   "00070.png": 0.9768937826156616,
   "00021.png": 0.9813153147697449,
   "00042.png": 0.969268262386322,
   "00052.png": 0.9796330332756042,
   "00007.png": 0.9772447943687439,
   "00002.png": 0.9783937335014343,
   "00066.png": 0.9811031222343445,
   "00036.png": 0.9339320063591003,
   "00048.png": 0.9819397330284119,
   "00023.png": 0.9304698705673218,
   "00016.png": 0.9747437238693237,
   "00055.png": 0.9437131881713867,
   "00044.png": 0.9701731204986572,
   "00064.png": 0.9455221891403198,
   "00031.png": 0.9765801429748535,
   "00015.png": 0.9584777355194092,
   "00030.png": 0.9402977824211121,
   "00068.png": 0.9819831848144531,
   "00053.png": 0.9692217111587524,
   "00028.png": 0.9828318357467651,
   "00035.png": 0.972014307975769,
   "00011.png": 0.9458834528923035,
   "00020.png": 0.9411817789077759,
   "00010.png": 0.9622610807418823,
   "00037.png": 0.979657769203186,
   "00061.png": 0.9371423721313477,
   "00057.png": 0.9720551371574402,
   "00025.png": 0.9782125949859619,
   "00009.png": 0.979989767074585,
   "00034.png": 0.9816063642501831,
   "00059.png": 0.983392596244812,
   "00013.png": 0.9385136961936951,
   "00043.png": 0.9770301580429077,
   "00032.png": 0.9635229110717773,
   "00060.png": 0.9783710241317749,
   "00019.png": 0.9774186015129089,
   "00029.png": 0.9553984999656677,
   "00001.png": 0.9375652074813843,
   "00040.png": 0.9808794260025024,
   "00062.png": 0.9803686141967773,
   "00071.png": 0.9343463778495789,
   "00049.png": 0.9784127473831177,
   "00005.png": 0.9714019298553467,
   "00018.png": 0.9750388860702515,
   "00051.png": 0.9680889844894409,
   "00014.png": 0.9461480379104614,
   "00022.png": 0.9780356287956238,
   "00017.png": 0.9413363337516785,
   "00054.png": 0.9403057098388672,
   "00038.png": 0.9742975234985352,
   "00024.png": 0.9809788465499878,
   "00046.png": 0.9806756973266602
  },
  "PSNR": {
   "00003.png": 28.056413650512695,
   "00000.png": 30.715526580810547,
   "00065.png": 25.87279510498047,
   "00056.png": 26.69898796081543,
   "00067.png": 30.833332061767578,
   "00033.png": 31.57823944091797,
   "00058.png": 29.226085662841797,
   "00069.png": 30.376880645751953,
   "00008.png": 26.47422981262207,
   "00047.png": 27.260753631591797,
   "00026.png": 29.94453239440918,
   "00045.png": 30.501863479614258,
   "00006.png": 29.10287094116211,
   "00041.png": 31.148014068603516,
   "00004.png": 27.30025863647461,
   "00039.png": 29.368207931518555,
   "00012.png": 30.1259708404541,
   "00050.png": 30.122821807861328,
   "00027.png": 32.039947509765625,
   "00063.png": 30.841360092163086,
   "00070.png": 29.8215389251709,
   "00021.png": 31.251142501831055,
   "00042.png": 28.966005325317383,
   "00052.png": 30.865543365478516,
   "00007.png": 30.706275939941406,
   "00002.png": 30.282705307006836,
   "00066.png": 30.965681076049805,
   "00036.png": 25.481609344482422,
   "00048.png": 30.72761344909668,
   "00023.png": 25.599336624145508,
   "00016.png": 30.76256561279297,
   "00055.png": 26.23879623413086,
   "00044.png": 27.944293975830078,
   "00064.png": 26.390071868896484,
   "00031.png": 29.818443298339844,
   "00015.png": 28.342334747314453,
   "00030.png": 26.250717163085938,
   "00068.png": 30.723974227905273,
   "00053.png": 29.034805297851562,
   "00028.png": 31.757354736328125,
   "00035.png": 30.004426956176758,
   "00011.png": 27.392881393432617,
   "00020.png": 28.03469467163086,
   "00010.png": 28.067720413208008,
   "00037.png": 31.075590133666992,
   "00061.png": 25.846288681030273,
   "00057.png": 29.248191833496094,
   "00025.png": 30.829456329345703,
   "00009.png": 31.021259307861328,
   "00034.png": 31.913955688476562,
   "00059.png": 31.549739837646484,
   "00013.png": 26.783618927001953,
   "00043.png": 29.925935745239258,
   "00032.png": 27.392963409423828,
   "00060.png": 29.95357322692871,
   "00019.png": 31.221057891845703,
   "00029.png": 27.59676170349121,
   "00001.png": 26.681747436523438,
   "00040.png": 30.903987884521484,
   "00062.png": 31.533029556274414,
   "00071.png": 26.86803436279297,
   "00049.png": 30.027849197387695,
   "00005.png": 29.082317352294922,
   "00018.png": 30.199172973632812,
   "00051.png": 29.35110092163086,
   "00014.png": 27.665019989013672,
   "00022.png": 31.215543746948242,
   "00017.png": 27.414905548095703,
   "00054.png": 26.69624137878418,
   "00038.png": 28.296144485473633,
   "00024.png": 30.861408233642578,
   "00046.png": 30.674182891845703
  },
  "LPIPS": {
   "00003.png": 0.09134870767593384,
   "00000.png": 0.052480824291706085,
   "00065.png": 0.09977796673774719,
   "00056.png": 0.10410667955875397,
   "00067.png": 0.03700533136725426,
   "00033.png": 0.0487603098154068,
   "00058.png": 0.04987271875143051,
   "00069.png": 0.05252227187156677,
   "00008.png": 0.09866519272327423,
   "00047.png": 0.09586027264595032,
   "00026.png": 0.04642343521118164,
   "00045.png": 0.05130830779671669,
   "00006.png": 0.044602666050195694,
   "00041.png": 0.04072011262178421,
   "00004.png": 0.08967897295951843,
   "00039.png": 0.04883165657520294,
   "00012.png": 0.049251530319452286,
   "00050.png": 0.05381728708744049,
   "00027.png": 0.03930184990167618,
   "00063.png": 0.0512518472969532,
   "00070.png": 0.05249875411391258,
   "00021.png": 0.04254318028688431,
   "00042.png": 0.05354173108935356,
   "00052.png": 0.052250005304813385,
   "00007.png": 0.055835023522377014,
   "00002.png": 0.054942116141319275,
   "00066.png": 0.0553053617477417,
   "00036.png": 0.10104545950889587,
   "00048.png": 0.04454716295003891,
   "00023.png": 0.11285935342311859,
   "00016.png": 0.0533362552523613,
   "00055.png": 0.09498681128025055,
   "00044.png": 0.06033645570278168,
   "00064.png": 0.08738746494054794,
   "00031.png": 0.051535435020923615,
   "00015.png": 0.08099667727947235,
   "00030.png": 0.09782230854034424,
   "00068.png": 0.04725254327058792,
   "00053.png": 0.0637684091925621,
   "00028.png": 0.05001021921634674,
   "00035.png": 0.04873029887676239,
   "00011.png": 0.10545886307954788,
   "00020.png": 0.10448852926492691,
   "00010.png": 0.07178347557783127,
   "00037.png": 0.04845597594976425,
   "00061.png": 0.09832774847745895,
   "00057.png": 0.05571689456701279,
   "00025.png": 0.04983130842447281,
   "00009.png": 0.0499420091509819,
   "00034.png": 0.050923701375722885,
   "00059.png": 0.04158782958984375,
   "00013.png": 0.09516023099422455,
   "00043.png": 0.05504131317138672,
   "00032.png": 0.05245968699455261,
   "00060.png": 0.05481095239520073,
   "00019.png": 0.052610378712415695,
   "00029.png": 0.09040729701519012,
   "00001.png": 0.10457158088684082,
   "00040.png": 0.050944581627845764,
   "00062.png": 0.04770022630691528,
   "00071.png": 0.11791502684354782,
   "00049.png": 0.05278050899505615,
   "00005.png": 0.052883051335811615,
   "00018.png": 0.049803756177425385,
   "00051.png": 0.05683456361293793,
   "00014.png": 0.09930010885000229,
   "00022.png": 0.04920749366283417,
   "00017.png": 0.1097201481461525,
   "00054.png": 0.09176115691661835,
   "00038.png": 0.04882289469242096,
   "00024.png": 0.046100515872240067,
   "00046.png": 0.04686069115996361
  }
 }
}