{
 "ours_30000": {
  "SSIM": 0.9664803743362427,
  "PSNR": 29.2340087890625,
  "LPIPS": 0.06540737301111221
 }
}