{
 "ours_30000": {
  "SSIM": {
   "00003.png": 0.9618167877197266,
   "00000.png": 0.9814943671226501,
   "00065.png": 0.9768227338790894,
   "00056.png": 0.9763917922973633,
   "00067.png": 0.9208230972290039,
   "00033.png": 0.977855384349823,
   "00058.png": 0.900316596031189,
   "00069.png": 0.9841020107269287,
   "00008.png": 0.9782123565673828,
   "00047.png": 0.9568326473236084,
   "00026.png": 0.9727144241333008,
   "00045.png": 0.9119104146957397,
   "00006.png": 0.9700285792350769,
   "00041.png": 0.9635647535324097,
   "00004.png": 0.979137122631073,
   "00039.png": 0.964187741279602,
   "00012.png": 0.9818407893180847,
   "00050.png": 0.8907963633537292,
   "00027.png": 0.9813546538352966,
   "00063.png": 0.9300353527069092,
   "00070.png": 0.9051923751831055,
   "00021.png": 0.9848858714103699,
   "00042.png": 0.972176730632782,
   "00052.png": 0.9805330038070679,
   "00007.png": 0.9356188774108887,
   "00002.png": 0.9819048643112183,
   "00066.png": 0.9617202281951904,
   "00036.png": 0.9766596555709839,
   "00048.png": 0.9155884981155396,
   "00023.png": 0.9791711568832397,
   "00016.png": 0.9232065081596375,
   "00055.png": 0.978278398513794,
   "00044.png": 0.9018526077270508,
   "00064.png": 0.9757680892944336,
   "00031.png": 0.96550452709198,
   "00015.png": 0.9481157064437866,
   "00030.png": 0.9817019701004028,
   "00068.png": 0.8904708623886108,
   "00053.png": 0.9818961024284363,
   "00028.png": 0.9564417600631714,
   "00035.png": 0.9767202734947205,
   "00011.png": 0.9778618812561035,
   "00020.png": 0.9692911505699158,
   "00010.png": 0.9801384210586548,
   "00037.png": 0.9827315211296082,
   "00061.png": 0.9791359901428223,
   "00057.png": 0.978052020072937,
   "00025.png": 0.980599582195282,
   "00009.png": 0.9075754880905151,
   "00034.png": 0.9211925864219666,
   "00059.png": 0.9187964200973511,
   "00013.png": 0.9644767642021179,
   "00043.png": 0.9313093423843384,
   "00032.png": 0.9615687131881714,
   "00060.png": 0.9806844592094421,
   "00019.png": 0.9771525263786316,
   "00029.png": 0.9795777201652527,
   "00001.png": 0.9716202616691589,
   "00040.png": 0.8999896049499512,
   "00062.png": 0.9163832664489746,
   "00071.png": 0.9710190296173096,
   "00049.png": 0.8919049501419067,
   "00005.png": 0.9725677371025085,
   "00018.png": 0.9777711629867554,
   "00051.png": 0.9724277853965759,
   "00014.png": 0.9786102175712585,
   "00022.png": 0.9777722358703613,
   "00017.png": 0.9731175303459167,
   "00054.png": 0.9444538354873657,
   "00038.png": 0.9703037142753601,
   "00024.png": 0.9068331718444824,
   "00046.png": 0.9640440344810486
  },
  "PSNR": {
   "00003.png": 27.89276885986328,
   "00000.png": 31.428403854370117,
   "00065.png": 29.527864456176758,
   "00056.png": 29.764202117919922,
   "00067.png": 25.055583953857422,
   "00033.png": 31.45147705078125,
   "00058.png": 23.710954666137695,
   "00069.png": 31.60151481628418,
   "00008.png": 30.61077117919922,
   "00047.png": 27.83682632446289,
   "00026.png": 29.51778221130371,
   "00045.png": 24.385456085205078,
   "00006.png": 28.396087646484375,
   "00041.png": 29.39781379699707,
   "00004.png": 31.205881118774414,
   "00039.png": 28.229753494262695,
   "00012.png": 31.226764678955078,
   "00050.png": 23.256628036499023,
   "00027.png": 32.019676208496094,
   "00063.png": 25.73956298828125,
   "00070.png": 23.760478973388672,
   "00021.png": 31.7878360748291,
   "00042.png": 29.039398193359375,
   "00052.png": 31.241222381591797,
   "00007.png": 26.20378875732422,
   "00002.png": 31.174747467041016,
   "00066.png": 28.993989944458008,
   "00036.png": 29.48723793029785,
   "00048.png": 24.937633514404297,
   "00023.png": 30.292068481445312,
   "00016.png": 24.906179428100586,
   "00055.png": 30.55437469482422,
   "00044.png": 23.7757568359375,
   "00064.png": 29.75175666809082,
   "00031.png": 29.19614601135254,
   "00015.png": 26.98550033569336,
   "00030.png": 30.804346084594727,
   "00068.png": 22.803897857666016,
   "00053.png": 31.08079719543457,
   "00028.png": 28.721158981323242,
   "00035.png": 30.38978385925293,
   "00011.png": 30.717788696289062,
   "00020.png": 29.842853546142578,
   "00010.png": 30.781278610229492,
   "00037.png": 31.85384750366211,
   "00061.png": 29.770662307739258,
   "00057.png": 30.366390228271484,
   "00025.png": 31.49610710144043,
   "00009.png": 24.196861267089844,
   "00034.png": 24.235525131225586,
   "00059.png": 24.25499725341797,
   "00013.png": 29.538795471191406,
   "00043.png": 25.897933959960938,
   "00032.png": 27.198055267333984,
   "00060.png": 30.442459106445312,
   "00019.png": 31.098751068115234,
   "00029.png": 30.508249282836914,
   "00001.png": 29.55746078491211,
   "00040.png": 23.586366653442383,
   "00062.png": 24.30242347717285,
   "00071.png": 29.872045516967773,
   "00049.png": 23.23891830444336,
   "00005.png": 29.20203971862793,
   "00018.png": 30.82248306274414,
   "00051.png": 29.978343963623047,
   "00014.png": 30.60800552368164,
   "00022.png": 30.711544036865234,
   "00017.png": 30.021793365478516,
   "00054.png": 26.937313079833984,
   "00038.png": 27.991004943847656,
   "00024.png": 24.331884384155273,
   "00046.png": 29.04442596435547
  },
  "LPIPS": {
   "00003.png": 0.06353037059307098,
   "00000.png": 0.04700031876564026,
   "00065.png": 0.04989634454250336,
   "00056.png": 0.046527523547410965,
   "00067.png": 0.10489913821220398,
   "00033.png": 0.045288171619176865,
   "00058.png": 0.1278873085975647,
   "00069.png": 0.04122433066368103,
   "00008.png": 0.049624718725681305,
   "00047.png": 0.07135163247585297,
   "00026.png": 0.05158834159374237,
   "00045.png": 0.12384723126888275,
   "00006.png": 0.05132618919014931,
   "00041.png": 0.07959608733654022,
   "00004.png": 0.05424705520272255,
   "00039.png": 0.06769843399524689,
   "00012.png": 0.039439473301172256,
   "00050.png": 0.14439155161380768,
   "00027.png": 0.03831254690885544,
   "00063.png": 0.10817193984985352,
   "00070.png": 0.1259390413761139,
   "00021.png": 0.03469575196504593,
   "00042.png": 0.04994210600852966,
   "00052.png": 0.051127783954143524,
   "00007.png": 0.10451491177082062,
   "00002.png": 0.04421529546380043,
   "00066.png": 0.08339890837669373,
   "00036.png": 0.04667562246322632,
   "00048.png": 0.11434543132781982,
   "00023.png": 0.04489581286907196,
   "00016.png": 0.1146838515996933,
   "00055.png": 0.04427485167980194,
   "00044.png": 0.13511739671230316,
   "00064.png": 0.04411064088344574,
   "00031.png": 0.06445972621440887,
   "00015.png": 0.08232089132070541,
   "00030.png": 0.04324032738804817,
   "00068.png": 0.13423755764961243,
   "00053.png": 0.039461880922317505,
   "00028.png": 0.08423915505409241,
   "00035.png": 0.04285672307014465,
   "00011.png": 0.05303918197751045,
   "00020.png": 0.06291879713535309,
   "00010.png": 0.04181237518787384,
   "00037.png": 0.04375685751438141,
   "00061.png": 0.04229964315891266,
   "00057.png": 0.04138123244047165,
   "00025.png": 0.04526570811867714,
   "00009.png": 0.13414910435676575,
   "00034.png": 0.11456398665904999,
   "00059.png": 0.11831354349851608,
   "00013.png": 0.07280515134334564,
   "00043.png": 0.11075714230537415,
   "00032.png": 0.05896666646003723,
   "00060.png": 0.046541035175323486,
   "00019.png": 0.054749589413404465,
   "00029.png": 0.04683829843997955,
   "00001.png": 0.0620713010430336,
   "00040.png": 0.13980098068714142,
   "00062.png": 0.12642592191696167,
   "00071.png": 0.06129579618573189,
   "00049.png": 0.1460135132074356,
   "00005.png": 0.052674293518066406,
   "00018.png": 0.043698638677597046,
   "00051.png": 0.049470849335193634,
   "00014.png": 0.0488516166806221,
   "00022.png": 0.04806132987141609,
   "00017.png": 0.05981075391173363,
   "00054.png": 0.08027607202529907,
   "00038.png": 0.05581503361463547,
   "00024.png": 0.12656399607658386,
   "00046.png": 0.07407625764608383
  }
 }
}