{
 "ours_30000": {
  "SSIM": 0.9571195244789124,
  "PSNR": 28.479867935180664,
  "LPIPS": 0.0721898227930069
 }
}