{
 "ours_7000": {
  "SSIM": {
   "00003.png": 0.8438981771469116,
   "00000.png": 0.947150707244873,
   "00065.png": 0.8489384651184082,
   "00056.png": 0.8817023038864136,
   "00067.png": 0.8365223407745361,
   "00033.png": 0.9483420252799988,
   "00058.png": 0.8487777709960938,
   "00069.png": 0.9302756190299988,
   "00008.png": 0.8453534841537476,
   "00047.png": 0.8357404470443726,
   "00026.png": 0.9445346593856812,
   "00045.png": 0.841221034526825,
   "00006.png": 0.9532108306884766,
   "00041.png": 0.9044898748397827,
   "00004.png": 0.8992451429367065,
   "00039.png": 0.9463016390800476,
   "00012.png": 0.9229364395141602,
   "00050.png": 0.8197023272514343,
   "00027.png": 0.9500064849853516,
   "00063.png": 0.8546065092086792,
   "00070.png": 0.8137267827987671,
   "00021.png": 0.9277751445770264,
   "00042.png": 0.9285044074058533,
   "00052.png": 0.9507030844688416,
   "00007.png": 0.9195792078971863,
   "00002.png": 0.9513750076293945,
   "00066.png": 0.9192509651184082,
   "00036.png": 0.8608381748199463,
   "00048.png": 0.8341900706291199,
   "00023.png": 0.8899449110031128,
   "00016.png": 0.8109339475631714,
   "00055.png": 0.850674033164978,
   "00044.png": 0.809321403503418,
   "00064.png": 0.8919647932052612,
   "00031.png": 0.9343690276145935,
   "00015.png": 0.8199647665023804,
   "00030.png": 0.8963514566421509,
   "00068.png": 0.8259906768798828,
   "00053.png": 0.938421905040741,
   "00028.png": 0.9188429713249207,
   "00035.png": 0.9314911365509033,
   "00011.png": 0.8860723376274109,
   "00020.png": 0.8390154838562012,
   "00010.png": 0.916657567024231,
   "00037.png": 0.9566527605056763,
   "00061.png": 0.8582050204277039,
   "00057.png": 0.9368385076522827,
   "00025.png": 0.9475020170211792,
   "00009.png": 0.8367820978164673,
   "00034.png": 0.8385239839553833,
   "00059.png": 0.840556800365448,
   "00013.png": 0.8038386702537537,
   "00043.png": 0.8752314448356628,
   "00032.png": 0.9262410998344421,
   "00060.png": 0.9400715827941895,
   "00019.png": 0.9472417831420898,
   "00029.png": 0.9061886072158813,
   "00001.png": 0.876806914806366,
   "00040.png": 0.8589810132980347,
   "00062.png": 0.8332266807556152,
   "00071.png": 0.7979254722595215,
   "00049.png": 0.8300454616546631,
   "00005.png": 0.9573010802268982,
   "00018.png": 0.9444513320922852,
   "00051.png": 0.9400522708892822,
   "00014.png": 0.8905818462371826,
   "00022.png": 0.9506863355636597,
   "00017.png": 0.8682560920715332,
   "00054.png": 0.8477718830108643,
   "00038.png": 0.9498595595359802,
   "00024.png": 0.8471958637237549,
   "00046.png": 0.9174272418022156
  },
  "PSNR": {
   "00003.png": 21.419940948486328,
   "00000.png": 27.01385498046875,
   "00065.png": 21.430194854736328,
   "00056.png": 22.76726722717285,
   "00067.png": 21.217620849609375,
   "00033.png": 27.157150268554688,
   "00058.png": 21.840076446533203,
   "00069.png": 25.06808853149414,
   "00008.png": 21.393373489379883,
   "00047.png": 21.34333610534668,
   "00026.png": 26.15463638305664,
   "00045.png": 21.2836856842041,
   "00006.png": 26.695919036865234,
   "00041.png": 23.2039794921875,
   "00004.png": 24.076213836669922,
   "00039.png": 26.120380401611328,
   "00012.png": 24.363697052001953,
   "00050.png": 20.662132263183594,
   "00027.png": 27.552167892456055,
   "00063.png": 21.686059951782227,
   "00070.png": 20.315662384033203,
   "00021.png": 24.91069793701172,
   "00042.png": 24.719989776611328,
   "00052.png": 27.36152458190918,
   "00007.png": 24.253189086914062,
   "00002.png": 26.892601013183594,
   "00066.png": 24.410860061645508,
   "00036.png": 21.877655029296875,
   "00048.png": 21.597726821899414,
   "00023.png": 22.891765594482422,
   "00016.png": 20.56920623779297,
   "00055.png": 21.70854377746582,
   "00044.png": 20.01408576965332,
   "00064.png": 23.272449493408203,
   "00031.png": 25.245969772338867,
   "00015.png": 20.7795352935791,
   "00030.png": 23.20268440246582,
   "00068.png": 20.209381103515625,
   "00053.png": 25.86591911315918,
   "00028.png": 24.44720458984375,
   "00035.png": 25.477313995361328,
   "00011.png": 23.089691162109375,
   "00020.png": 21.84351921081543,
   "00010.png": 24.581214904785156,
   "00037.png": 27.430849075317383,
   "00061.png": 21.686904907226562,
   "00057.png": 25.613019943237305,
   "00025.png": 26.57476043701172,
   "00009.png": 20.740053176879883,
   "00034.png": 21.26587677001953,
   "00059.png": 20.30359649658203,
   "00013.png": 20.656051635742188,
   "00043.png": 22.83319664001465,
   "00032.png": 24.37828826904297,
   "00060.png": 25.840532302856445,
   "00019.png": 27.33827781677246,
   "00029.png": 23.930681228637695,
   "00001.png": 23.13230323791504,
   "00040.png": 20.563962936401367,
   "00062.png": 21.15586280822754,
   "00071.png": 20.81435203552246,
   "00049.png": 20.043479919433594,
   "00005.png": 27.4119930267334,
   "00018.png": 27.138107299804688,
   "00051.png": 26.2759952545166,
   "00014.png": 23.38762092590332,
   "00022.png": 27.182798385620117,
   "00017.png": 22.380693435668945,
   "00054.png": 21.384122848510742,
   "00038.png": 25.76542854309082,
   "00024.png": 21.852985382080078,
   "00046.png": 23.997297286987305
  },
  "LPIPS": {
   "00003.png": 0.23744547367095947,
   "00000.png": 0.10141382366418839,
   "00065.png": 0.19965405762195587,
   "00056.png": 0.16531959176063538,
   "00067.png": 0.21768251061439514,
   "00033.png": 0.09777970612049103,
   "00058.png": 0.19450587034225464,
   "00069.png": 0.11276154965162277,
   "00008.png": 0.21140100061893463,
   "00047.png": 0.22922120988368988,
   "00026.png": 0.0910041332244873,
   "00045.png": 0.20611223578453064,
   "00006.png": 0.08793599158525467,
   "00041.png": 0.13064637780189514,
   "00004.png": 0.1511257290840149,
   "00039.png": 0.08838346600532532,
   "00012.png": 0.11074668169021606,
   "00050.png": 0.23639830946922302,
   "00027.png": 0.08917631208896637,
   "00063.png": 0.18614044785499573,
   "00070.png": 0.22501900792121887,
   "00021.png": 0.11081157624721527,
   "00042.png": 0.11200368404388428,
   "00052.png": 0.09657886624336243,
   "00007.png": 0.12901444733142853,
   "00002.png": 0.09742282330989838,
   "00066.png": 0.12262159585952759,
   "00036.png": 0.188042551279068,
   "00048.png": 0.21433445811271667,
   "00023.png": 0.1670241355895996,
   "00016.png": 0.25416603684425354,
   "00055.png": 0.20032136142253876,
   "00044.png": 0.2127399742603302,
   "00064.png": 0.15958943963050842,
   "00031.png": 0.09402813762426376,
   "00015.png": 0.24178040027618408,
   "00030.png": 0.15363658964633942,
   "00068.png": 0.2369336634874344,
   "00053.png": 0.11127474904060364,
   "00028.png": 0.13381707668304443,
   "00035.png": 0.10415732860565186,
   "00011.png": 0.1666579246520996,
   "00020.png": 0.23503941297531128,
   "00010.png": 0.13399890065193176,
   "00037.png": 0.08922647684812546,
   "00061.png": 0.1914401650428772,
   "00057.png": 0.10919132828712463,
   "00025.png": 0.09261731058359146,
   "00009.png": 0.21900567412376404,
   "00034.png": 0.2281559407711029,
   "00059.png": 0.21024973690509796,
   "00013.png": 0.2676902413368225,
   "00043.png": 0.1748916208744049,
   "00032.png": 0.10136806964874268,
   "00060.png": 0.10830732434988022,
   "00019.png": 0.09703109413385391,
   "00029.png": 0.14324882626533508,
   "00001.png": 0.17325076460838318,
   "00040.png": 0.1873350441455841,
   "00062.png": 0.2368413209915161,
   "00071.png": 0.26498472690582275,
   "00049.png": 0.22180159389972687,
   "00005.png": 0.08798064291477203,
   "00018.png": 0.09133533388376236,
   "00051.png": 0.0982426181435585,
   "00014.png": 0.16142146289348602,
   "00022.png": 0.09665827453136444,
   "00017.png": 0.20833265781402588,
   "00054.png": 0.21182601153850555,
   "00038.png": 0.0914410725235939,
   "00024.png": 0.1963670551776886,
   "00046.png": 0.11234357953071594
  }
 }
}