{
 "ours_7000": {
  "SSIM": 0.8887966275215149,
  "PSNR": 23.51482391357422,
  "LPIPS": 0.15997853875160217
 }
}