{
 "ours_30000": {
  "SSIM": {
   "00003.png": 0.8708658218383789,
   "00000.png": 0.9728667736053467,
   "00065.png": 0.8849257826805115,
   "00056.png": 0.9342941045761108,
   "00067.png": 0.9197925329208374,
   "00033.png": 0.9729161262512207,
   "00058.png": 0.8879072666168213,
   "00069.png": 0.966143012046814,
   "00008.png": 0.8768970966339111,
   "00047.png": 0.8797651529312134,
   "00026.png": 0.9779754877090454,
   "00045.png": 0.9156469106674194,
   "00006.png": 0.9761641025543213,
   "00041.png": 0.9707428216934204,
   "00004.png": 0.9436177015304565,
   "00039.png": 0.9719547033309937,
   "00012.png": 0.9643306136131287,
   "00050.png": 0.8883343935012817,
   "00027.png": 0.9808849692344666,
   "00063.png": 0.93198561668396,
   "00070.png": 0.9236370921134949,
   "00021.png": 0.9674960970878601,
   "00042.png": 0.974010169506073,
   "00052.png": 0.973569393157959,
   "00007.png": 0.9440306425094604,
   "00002.png": 0.9622927904129028,
   "00066.png": 0.9683985114097595,
   "00036.png": 0.8858891725540161,
   "00048.png": 0.9087798595428467,
   "00023.png": 0.9153868556022644,
   "00016.png": 0.8934239149093628,
   "00055.png": 0.884588897228241,
   "00044.png": 0.9149045944213867,
   "00064.png": 0.9430966377258301,
   "00031.png": 0.9742147326469421,
   "00015.png": 0.8856093287467957,
   "00030.png": 0.9300651550292969,
   "00068.png": 0.9005573987960815,
   "00053.png": 0.9558791518211365,
   "00028.png": 0.9611355662345886,
   "00035.png": 0.9810802340507507,
   "00011.png": 0.938075065612793,
   "00020.png": 0.8814226984977722,
   "00010.png": 0.9544112086296082,
   "00037.png": 0.9717430472373962,
   "00061.png": 0.9057912826538086,
   "00057.png": 0.9582579135894775,
   "00025.png": 0.9615514278411865,
   "00009.png": 0.8825639486312866,
   "00034.png": 0.9013198614120483,
   "00059.png": 0.8806154131889343,
   "00013.png": 0.8644823431968689,
   "00043.png": 0.939388632774353,
   "00032.png": 0.9659900665283203,
   "00060.png": 0.960638701915741,
   "00019.png": 0.9635352492332458,
   "00029.png": 0.9524704813957214,
   "00001.png": 0.9374558329582214,
   "00040.png": 0.8807275295257568,
   "00062.png": 0.8850910067558289,
   "00071.png": 0.8746253252029419,
   "00049.png": 0.8897320628166199,
   "00005.png": 0.9648756980895996,
   "00018.png": 0.982829749584198,
   "00051.png": 0.9758810997009277,
   "00014.png": 0.9421207308769226,
   "00022.png": 0.9710375666618347,
   "00017.png": 0.8787102103233337,
   "00054.png": 0.8864105939865112,
   "00038.png": 0.9753391146659851,
   "00024.png": 0.8928775787353516,
   "00046.png": 0.9747409224510193
  },
  "PSNR": {
   "00003.png": 22.621017456054688,
   "00000.png": 29.91950798034668,
   "00065.png": 23.237201690673828,
   "00056.png": 25.91966438293457,
   "00067.png": 25.01009178161621,
   "00033.png": 30.74195671081543,
   "00058.png": 23.324939727783203,
   "00069.png": 28.882429122924805,
   "00008.png": 23.270776748657227,
   "00047.png": 23.037086486816406,
   "00026.png": 30.092172622680664,
   "00045.png": 25.248106002807617,
   "00006.png": 29.6005802154541,
   "00041.png": 29.55265998840332,
   "00004.png": 27.009611129760742,
   "00039.png": 29.111675262451172,
   "00012.png": 28.957622528076172,
   "00050.png": 23.394882202148438,
   "00027.png": 32.108741760253906,
   "00063.png": 26.561433792114258,
   "00070.png": 25.374109268188477,
   "00021.png": 29.248979568481445,
   "00042.png": 29.21299171447754,
   "00052.png": 30.170934677124023,
   "00007.png": 27.048290252685547,
   "00002.png": 28.398822784423828,
   "00066.png": 29.350189208984375,
   "00036.png": 23.74386978149414,
   "00048.png": 25.034751892089844,
   "00023.png": 24.555864334106445,
   "00016.png": 23.97441864013672,
   "00055.png": 23.173725128173828,
   "00044.png": 24.1495361328125,
   "00064.png": 26.858217239379883,
   "00031.png": 30.06191062927246,
   "00015.png": 23.015487670898438,
   "00030.png": 25.24677276611328,
   "00068.png": 23.290529251098633,
   "00053.png": 28.873947143554688,
   "00028.png": 28.836355209350586,
   "00035.png": 31.231563568115234,
   "00011.png": 26.83504867553711,
   "00020.png": 23.145368576049805,
   "00010.png": 27.970504760742188,
   "00037.png": 30.429397583007812,
   "00061.png": 23.932937622070312,
   "00057.png": 28.564285278320312,
   "00025.png": 28.275854110717773,
   "00009.png": 23.227447509765625,
   "00034.png": 23.916667938232422,
   "00059.png": 22.665016174316406,
   "00013.png": 22.31011390686035,
   "00043.png": 26.436967849731445,
   "00032.png": 27.425857543945312,
   "00060.png": 28.230010986328125,
   "00019.png": 29.902359008789062,
   "00029.png": 28.155405044555664,
   "00001.png": 26.61907386779785,
   "00040.png": 22.53874969482422,
   "00062.png": 23.799724578857422,
   "00071.png": 22.78567886352539,
   "00049.png": 22.492145538330078,
   "00005.png": 28.886606216430664,
   "00018.png": 32.40261459350586,
   "00051.png": 30.167104721069336,
   "00014.png": 27.28502082824707,
   "00022.png": 29.46643829345703,
   "00017.png": 23.26460075378418,
   "00054.png": 22.944881439208984,
   "00038.png": 28.825664520263672,
   "00024.png": 24.154407501220703,
   "00046.png": 30.458797454833984
  },
  "LPIPS": {
   "00003.png": 0.18913426995277405,
   "00000.png": 0.060888685286045074,
   "00065.png": 0.1537024974822998,
   "00056.png": 0.11830033361911774,
   "00067.png": 0.11009199917316437,
   "00033.png": 0.05302692949771881,
   "00058.png": 0.13774853944778442,
   "00069.png": 0.06710124015808105,
   "00008.png": 0.174240380525589,
   "00047.png": 0.18479573726654053,
   "00026.png": 0.044254764914512634,
   "00045.png": 0.12032175064086914,
   "00006.png": 0.04373166710138321,
   "00041.png": 0.06277716159820557,
   "00004.png": 0.09521456807851791,
   "00039.png": 0.05272403359413147,
   "00012.png": 0.06892388314008713,
   "00050.png": 0.15321651101112366,
   "00027.png": 0.03798622637987137,
   "00063.png": 0.11414007842540741,
   "00070.png": 0.10623753815889359,
   "00021.png": 0.06916950643062592,
   "00042.png": 0.04009665548801422,
   "00052.png": 0.06406594067811966,
   "00007.png": 0.09623020887374878,
   "00002.png": 0.07310886681079865,
   "00066.png": 0.06568880379199982,
   "00036.png": 0.1564462035894394,
   "00048.png": 0.12414209544658661,
   "00023.png": 0.13928748667240143,
   "00016.png": 0.15568269789218903,
   "00055.png": 0.15103532373905182,
   "00044.png": 0.1186332032084465,
   "00064.png": 0.08750356733798981,
   "00031.png": 0.052259232848882675,
   "00015.png": 0.151341050863266,
   "00030.png": 0.12303222715854645,
   "00068.png": 0.14736971259117126,
   "00053.png": 0.07595411688089371,
   "00028.png": 0.076972097158432,
   "00035.png": 0.037271898239851,
   "00011.png": 0.10685304552316666,
   "00020.png": 0.15767920017242432,
   "00010.png": 0.08656364679336548,
   "00037.png": 0.06389984488487244,
   "00061.png": 0.14959605038166046,
   "00057.png": 0.07496468722820282,
   "00025.png": 0.0779675766825676,
   "00009.png": 0.15793830156326294,
   "00034.png": 0.13735103607177734,
   "00059.png": 0.14337652921676636,
   "00013.png": 0.18430837988853455,
   "00043.png": 0.10226346552371979,
   "00032.png": 0.049321144819259644,
   "00060.png": 0.07538340985774994,
   "00019.png": 0.061852410435676575,
   "00029.png": 0.08386696875095367,
   "00001.png": 0.10856538265943527,
   "00040.png": 0.14855089783668518,
   "00062.png": 0.16721752285957336,
   "00071.png": 0.16416522860527039,
   "00049.png": 0.14595156908035278,
   "00005.png": 0.06242728233337402,
   "00018.png": 0.03791533410549164,
   "00051.png": 0.04362115263938904,
   "00014.png": 0.09897144138813019,
   "00022.png": 0.054484933614730835,
   "00017.png": 0.15194422006607056,
   "00054.png": 0.1700592041015625,
   "00038.png": 0.04744390398263931,
   "00024.png": 0.136891707777977,
   "00046.png": 0.05721563100814819
  }
 }
}