{
 "ours_30000": {
  "SSIM": 0.9323717951774597,
  "PSNR": 26.610668182373047,
  "LPIPS": 0.10364528745412827
 }
}