{
 "ours_7000": {
  "SSIM": {
   "00003.png": 0.8828270435333252,
   "00000.png": 0.9327400922775269,
   "00065.png": 0.8922566771507263,
   "00056.png": 0.8880302906036377,
   "00067.png": 0.79830002784729,
   "00033.png": 0.9407205581665039,
   "00058.png": 0.8330925703048706,
   "00069.png": 0.9226813316345215,
   "00008.png": 0.8900755643844604,
   "00047.png": 0.858330249786377,
   "00026.png": 0.9418725371360779,
   "00045.png": 0.8042423725128174,
   "00006.png": 0.94843590259552,
   "00041.png": 0.877253532409668,
   "00004.png": 0.9044632911682129,
   "00039.png": 0.9224950671195984,
   "00012.png": 0.9161890745162964,
   "00050.png": 0.8065714836120605,
   "00027.png": 0.9461396932601929,
   "00063.png": 0.8339474201202393,
   "00070.png": 0.8061313629150391,
   "00021.png": 0.9128696918487549,
   "00042.png": 0.9263462424278259,
   "00052.png": 0.936044454574585,
   "00007.png": 0.8719803690910339,
   "00002.png": 0.9390721321105957,
   "00066.png": 0.8832606077194214,
   "00036.png": 0.8957874178886414,
   "00048.png": 0.8086631298065186,
   "00023.png": 0.9117543697357178,
   "00016.png": 0.835229754447937,
   "00055.png": 0.8921878337860107,
   "00044.png": 0.7952512502670288,
   "00064.png": 0.9089176058769226,
   "00031.png": 0.9082537889480591,
   "00015.png": 0.8387913703918457,
   "00030.png": 0.9018205404281616,
   "00068.png": 0.7995551824569702,
   "00053.png": 0.9233366847038269,
   "00028.png": 0.874398410320282,
   "00035.png": 0.9322257041931152,
   "00011.png": 0.8991435766220093,
   "00020.png": 0.8772575259208679,
   "00010.png": 0.9034123420715332,
   "00037.png": 0.9448840022087097,
   "00061.png": 0.8877079486846924,
   "00057.png": 0.9219387769699097,
   "00025.png": 0.9341663122177124,
   "00009.png": 0.8263761401176453,
   "00034.png": 0.8439944982528687,
   "00059.png": 0.8255864381790161,
   "00013.png": 0.8609269857406616,
   "00043.png": 0.8321945071220398,
   "00032.png": 0.9205594062805176,
   "00060.png": 0.9289535284042358,
   "00019.png": 0.9371113181114197,
   "00029.png": 0.893985390663147,
   "00001.png": 0.9041619300842285,
   "00040.png": 0.8346909880638123,
   "00062.png": 0.8383498191833496,
   "00071.png": 0.8564642667770386,
   "00049.png": 0.8105018138885498,
   "00005.png": 0.9497098922729492,
   "00018.png": 0.9426229000091553,
   "00051.png": 0.9359053373336792,
   "00014.png": 0.9071383476257324,
   "00022.png": 0.9425497055053711,
   "00017.png": 0.8998417854309082,
   "00054.png": 0.8651239275932312,
   "00038.png": 0.9425185918807983,
   "00024.png": 0.8270498514175415,
   "00046.png": 0.8866709470748901
  },
  "PSNR": {
   "00003.png": 23.38425064086914,
   "00000.png": 26.331600189208984,
   "00065.png": 23.614530563354492,
   "00056.png": 23.55783462524414,
   "00067.png": 20.415008544921875,
   "00033.png": 26.430368423461914,
   "00058.png": 20.877809524536133,
   "00069.png": 25.01504135131836,
   "00008.png": 23.830167770385742,
   "00047.png": 22.931644439697266,
   "00026.png": 25.645702362060547,
   "00045.png": 20.556015014648438,
   "00006.png": 26.07941436767578,
   "00041.png": 22.16244888305664,
   "00004.png": 24.253808975219727,
   "00039.png": 24.499845504760742,
   "00012.png": 24.08811378479004,
   "00050.png": 19.91840362548828,
   "00027.png": 27.231094360351562,
   "00063.png": 20.424020767211914,
   "00070.png": 19.91621971130371,
   "00021.png": 24.40444564819336,
   "00042.png": 24.538049697875977,
   "00052.png": 26.418630599975586,
   "00007.png": 22.570392608642578,
   "00002.png": 26.554946899414062,
   "00066.png": 23.11903190612793,
   "00036.png": 23.775177001953125,
   "00048.png": 20.917221069335938,
   "00023.png": 24.39745330810547,
   "00016.png": 21.415586471557617,
   "00055.png": 24.315462112426758,
   "00044.png": 19.09455108642578,
   "00064.png": 24.497480392456055,
   "00031.png": 23.237747192382812,
   "00015.png": 21.82037353515625,
   "00030.png": 24.118572235107422,
   "00068.png": 19.501541137695312,
   "00053.png": 25.186786651611328,
   "00028.png": 23.300739288330078,
   "00035.png": 25.606975555419922,
   "00011.png": 24.235551834106445,
   "00020.png": 23.76525115966797,
   "00010.png": 24.081085205078125,
   "00037.png": 27.067880630493164,
   "00061.png": 23.140296936035156,
   "00057.png": 25.205095291137695,
   "00025.png": 26.278011322021484,
   "00009.png": 20.337736129760742,
   "00034.png": 21.431825637817383,
   "00059.png": 19.983156204223633,
   "00013.png": 22.700397491455078,
   "00043.png": 20.743932723999023,
   "00032.png": 23.829002380371094,
   "00060.png": 25.65550994873047,
   "00019.png": 26.286720275878906,
   "00029.png": 23.720855712890625,
   "00001.png": 24.54500389099121,
   "00040.png": 19.807249069213867,
   "00062.png": 21.028785705566406,
   "00071.png": 22.52192497253418,
   "00049.png": 19.19670295715332,
   "00005.png": 26.86384391784668,
   "00018.png": 26.880725860595703,
   "00051.png": 25.895992279052734,
   "00014.png": 24.40995216369629,
   "00022.png": 26.209003448486328,
   "00017.png": 24.76195526123047,
   "00054.png": 22.879018783569336,
   "00038.png": 25.350765228271484,
   "00024.png": 21.151769638061523,
   "00046.png": 22.19308853149414
  },
  "LPIPS": {
   "00003.png": 0.17013171315193176,
   "00000.png": 0.1149885505437851,
   "00065.png": 0.15735837817192078,
   "00056.png": 0.14259782433509827,
   "00067.png": 0.2523895502090454,
   "00033.png": 0.10853765904903412,
   "00058.png": 0.22042980790138245,
   "00069.png": 0.12658438086509705,
   "00008.png": 0.15838319063186646,
   "00047.png": 0.19317862391471863,
   "00026.png": 0.0907154381275177,
   "00045.png": 0.2536276578903198,
   "00006.png": 0.0915856584906578,
   "00041.png": 0.15113602578639984,
   "00004.png": 0.15133878588676453,
   "00039.png": 0.11396907269954681,
   "00012.png": 0.12266036123037338,
   "00050.png": 0.26103729009628296,
   "00027.png": 0.09603609144687653,
   "00063.png": 0.223850280046463,
   "00070.png": 0.2544576823711395,
   "00021.png": 0.12834016978740692,
   "00042.png": 0.10506609082221985,
   "00052.png": 0.11450976878404617,
   "00007.png": 0.18480588495731354,
   "00002.png": 0.11477255076169968,
   "00066.png": 0.15836548805236816,
   "00036.png": 0.15545234084129333,
   "00048.png": 0.24565929174423218,
   "00023.png": 0.12968584895133972,
   "00016.png": 0.23644119501113892,
   "00055.png": 0.16149553656578064,
   "00044.png": 0.24007803201675415,
   "00064.png": 0.13232272863388062,
   "00031.png": 0.12201184034347534,
   "00015.png": 0.2137996256351471,
   "00030.png": 0.13485142588615417,
   "00068.png": 0.25640320777893066,
   "00053.png": 0.12083162367343903,
   "00028.png": 0.16878360509872437,
   "00035.png": 0.10351794958114624,
   "00011.png": 0.1369839310646057,
   "00020.png": 0.18555033206939697,
   "00010.png": 0.14134147763252258,
   "00037.png": 0.10542640089988708,
   "00061.png": 0.15919435024261475,
   "00057.png": 0.11961054801940918,
   "00025.png": 0.10936684906482697,
   "00009.png": 0.24115096032619476,
   "00034.png": 0.22829210758209229,
   "00059.png": 0.236433744430542,
   "00013.png": 0.1881188154220581,
   "00043.png": 0.2248486578464508,
   "00032.png": 0.09928685426712036,
   "00060.png": 0.1250988095998764,
   "00019.png": 0.10582274943590164,
   "00029.png": 0.15791770815849304,
   "00001.png": 0.14622096717357635,
   "00040.png": 0.2148227095603943,
   "00062.png": 0.2261134386062622,
   "00071.png": 0.2017688751220703,
   "00049.png": 0.25119930505752563,
   "00005.png": 0.09761715680360794,
   "00018.png": 0.09615197777748108,
   "00051.png": 0.10267843306064606,
   "00014.png": 0.14380699396133423,
   "00022.png": 0.10607407987117767,
   "00017.png": 0.1587747037410736,
   "00054.png": 0.20410826802253723,
   "00038.png": 0.0975494533777237,
   "00024.png": 0.22114358842372894,
   "00046.png": 0.1439601480960846
  }
 }
}