{
 "ours_7000": {
  "SSIM": 0.8864449858665466,
  "PSNR": 23.501564025878906,
  "LPIPS": 0.1619253158569336
 }
}