{
 "ours_7000": {
  "SSIM": {
   "00003.png": 0.8828434944152832,
   "00000.png": 0.9363769292831421,
   "00065.png": 0.8791348934173584,
   "00056.png": 0.856896162033081,
   "00067.png": 0.8630886077880859,
   "00033.png": 0.9464099407196045,
   "00058.png": 0.8883122205734253,
   "00069.png": 0.922453761100769,
   "00008.png": 0.8758642077445984,
   "00047.png": 0.8617379069328308,
   "00026.png": 0.949760913848877,
   "00045.png": 0.8725985288619995,
   "00006.png": 0.9596278071403503,
   "00041.png": 0.9243451952934265,
   "00004.png": 0.8761485815048218,
   "00039.png": 0.9515027403831482,
   "00012.png": 0.9160141944885254,
   "00050.png": 0.861677885055542,
   "00027.png": 0.9501418471336365,
   "00063.png": 0.901744544506073,
   "00070.png": 0.8743979334831238,
   "00021.png": 0.9158496856689453,
   "00042.png": 0.9283289909362793,
   "00052.png": 0.9409851431846619,
   "00007.png": 0.9332462549209595,
   "00002.png": 0.9364363551139832,
   "00066.png": 0.9359250068664551,
   "00036.png": 0.8781808614730835,
   "00048.png": 0.8661546111106873,
   "00023.png": 0.9024829864501953,
   "00016.png": 0.8741887807846069,
   "00055.png": 0.8825968503952026,
   "00044.png": 0.8765918016433716,
   "00064.png": 0.8743547797203064,
   "00031.png": 0.9393013715744019,
   "00015.png": 0.8645689487457275,
   "00030.png": 0.8974407911300659,
   "00068.png": 0.8570408821105957,
   "00053.png": 0.9121551513671875,
   "00028.png": 0.939696729183197,
   "00035.png": 0.9323420524597168,
   "00011.png": 0.868804395198822,
   "00020.png": 0.8771077394485474,
   "00010.png": 0.8814486265182495,
   "00037.png": 0.9478106498718262,
   "00061.png": 0.8759974837303162,
   "00057.png": 0.914533793926239,
   "00025.png": 0.9367703199386597,
   "00009.png": 0.8699111938476562,
   "00034.png": 0.8874098658561707,
   "00059.png": 0.8726369738578796,
   "00013.png": 0.863731861114502,
   "00043.png": 0.9074802398681641,
   "00032.png": 0.9255024194717407,
   "00060.png": 0.9267575144767761,
   "00019.png": 0.9421343803405762,
   "00029.png": 0.8622357249259949,
   "00001.png": 0.8637212514877319,
   "00040.png": 0.8777403235435486,
   "00062.png": 0.8817747831344604,
   "00071.png": 0.8612484931945801,
   "00049.png": 0.8571144938468933,
   "00005.png": 0.9505738615989685,
   "00018.png": 0.944900631904602,
   "00051.png": 0.9391681551933289,
   "00014.png": 0.8801707625389099,
   "00022.png": 0.9491424560546875,
   "00017.png": 0.8926405906677246,
   "00054.png": 0.8662940859794617,
   "00038.png": 0.956571102142334,
   "00024.png": 0.8778669238090515,
   "00046.png": 0.9286603927612305
  },
  "PSNR": {
   "00003.png": 23.74173355102539,
   "00000.png": 26.320541381835938,
   "00065.png": 22.647968292236328,
   "00056.png": 22.068687438964844,
   "00067.png": 21.8392391204834,
   "00033.png": 26.946352005004883,
   "00058.png": 22.80072784423828,
   "00069.png": 24.6263427734375,
   "00008.png": 22.407739639282227,
   "00047.png": 22.95075225830078,
   "00026.png": 26.42083168029785,
   "00045.png": 22.142444610595703,
   "00006.png": 27.0489501953125,
   "00041.png": 23.919458389282227,
   "00004.png": 23.089149475097656,
   "00039.png": 26.167797088623047,
   "00012.png": 24.0929012298584,
   "00050.png": 21.450023651123047,
   "00027.png": 27.437969207763672,
   "00063.png": 23.006797790527344,
   "00070.png": 21.95411491394043,
   "00021.png": 24.328330993652344,
   "00042.png": 24.68797492980957,
   "00052.png": 26.443593978881836,
   "00007.png": 24.742122650146484,
   "00002.png": 25.94119644165039,
   "00066.png": 24.991758346557617,
   "00036.png": 22.64699935913086,
   "00048.png": 22.145795822143555,
   "00023.png": 23.704654693603516,
   "00016.png": 23.076047897338867,
   "00055.png": 23.06873321533203,
   "00044.png": 21.482994079589844,
   "00064.png": 23.111713409423828,
   "00031.png": 24.941307067871094,
   "00015.png": 22.798442840576172,
   "00030.png": 23.319379806518555,
   "00068.png": 20.830957412719727,
   "00053.png": 24.467180252075195,
   "00028.png": 25.222156524658203,
   "00035.png": 25.582839965820312,
   "00011.png": 22.821563720703125,
   "00020.png": 23.627832412719727,
   "00010.png": 23.076995849609375,
   "00037.png": 26.85235595703125,
   "00061.png": 22.475082397460938,
   "00057.png": 24.590375900268555,
   "00025.png": 25.972171783447266,
   "00009.png": 21.883575439453125,
   "00034.png": 23.267240524291992,
   "00059.png": 21.26565933227539,
   "00013.png": 23.02068519592285,
   "00043.png": 23.377159118652344,
   "00032.png": 24.16642189025879,
   "00060.png": 25.144365310668945,
   "00019.png": 26.737585067749023,
   "00029.png": 22.091365814208984,
   "00001.png": 22.834346771240234,
   "00040.png": 21.294666290283203,
   "00062.png": 22.76353645324707,
   "00071.png": 22.841693878173828,
   "00049.png": 20.66844940185547,
   "00005.png": 26.64272117614746,
   "00018.png": 26.92469596862793,
   "00051.png": 25.998882293701172,
   "00014.png": 23.205791473388672,
   "00022.png": 26.831066131591797,
   "00017.png": 23.785266876220703,
   "00054.png": 22.800081253051758,
   "00038.png": 26.160789489746094,
   "00024.png": 22.46980857849121,
   "00046.png": 24.260766983032227
  },
  "LPIPS": {
   "00003.png": 0.1638525426387787,
   "00000.png": 0.11544749140739441,
   "00065.png": 0.16014331579208374,
   "00056.png": 0.18705862760543823,
   "00067.png": 0.17032313346862793,
   "00033.png": 0.10411198437213898,
   "00058.png": 0.1699969470500946,
   "00069.png": 0.12999533116817474,
   "00008.png": 0.17766006290912628,
   "00047.png": 0.18146011233329773,
   "00026.png": 0.08960814774036407,
   "00045.png": 0.1631506085395813,
   "00006.png": 0.08633875101804733,
   "00041.png": 0.10632754117250443,
   "00004.png": 0.16969498991966248,
   "00039.png": 0.08574043214321136,
   "00012.png": 0.13148806989192963,
   "00050.png": 0.18924464285373688,
   "00027.png": 0.09359083324670792,
   "00063.png": 0.14480392634868622,
   "00070.png": 0.16489458084106445,
   "00021.png": 0.12503057718276978,
   "00042.png": 0.11305426806211472,
   "00052.png": 0.10593073070049286,
   "00007.png": 0.11829741299152374,
   "00002.png": 0.11647127568721771,
   "00066.png": 0.11390354484319687,
   "00036.png": 0.16636072099208832,
   "00048.png": 0.1842748522758484,
   "00023.png": 0.14336863160133362,
   "00016.png": 0.18380096554756165,
   "00055.png": 0.1610158383846283,
   "00044.png": 0.15715797245502472,
   "00064.png": 0.16949516534805298,
   "00031.png": 0.09084480255842209,
   "00015.png": 0.19680672883987427,
   "00030.png": 0.14809274673461914,
   "00068.png": 0.17841975390911102,
   "00053.png": 0.14245069026947021,
   "00028.png": 0.11087408661842346,
   "00035.png": 0.10987912118434906,
   "00011.png": 0.18408110737800598,
   "00020.png": 0.17697642743587494,
   "00010.png": 0.16124653816223145,
   "00037.png": 0.10117990523576736,
   "00061.png": 0.16187267005443573,
   "00057.png": 0.12053429335355759,
   "00025.png": 0.10878172516822815,
   "00009.png": 0.18050500750541687,
   "00034.png": 0.16807875037193298,
   "00059.png": 0.17843113839626312,
   "00013.png": 0.17721037566661835,
   "00043.png": 0.14539282023906708,
   "00032.png": 0.10399484634399414,
   "00060.png": 0.12451516091823578,
   "00019.png": 0.10568021237850189,
   "00029.png": 0.18289217352867126,
   "00001.png": 0.18928904831409454,
   "00040.png": 0.1739700436592102,
   "00062.png": 0.17531681060791016,
   "00071.png": 0.18246233463287354,
   "00049.png": 0.1827373206615448,
   "00005.png": 0.09736751765012741,
   "00018.png": 0.09690088033676147,
   "00051.png": 0.10479755699634552,
   "00014.png": 0.17304998636245728,
   "00022.png": 0.10367687791585922,
   "00017.png": 0.15770691633224487,
   "00054.png": 0.1954321265220642,
   "00038.png": 0.08845002949237823,
   "00024.png": 0.171637624502182,
   "00046.png": 0.10334335267543793
  }
 }
}