{
 "ours_7000": {
  "SSIM": 0.9017612934112549,
  "PSNR": 23.895383834838867,
  "LPIPS": 0.14441630244255066
 }
}