{
 "ours_30000": {
  "SSIM": {
   "00003.png": 0.97251957654953,
   "00000.png": 0.9685434699058533,
   "00065.png": 0.9480360746383667,
   "00056.png": 0.9206239581108093,
   "00067.png": 0.9314238429069519,
   "00033.png": 0.9787092208862305,
   "00058.png": 0.9212333559989929,
   "00069.png": 0.9513746500015259,
   "00008.png": 0.9533295631408691,
   "00047.png": 0.9716259837150574,
   "00026.png": 0.9780030250549316,
   "00045.png": 0.9377154111862183,
   "00006.png": 0.9745756983757019,
   "00041.png": 0.9816905856132507,
   "00004.png": 0.9235908389091492,
   "00039.png": 0.975948691368103,
   "00012.png": 0.9478859901428223,
   "00050.png": 0.9306568503379822,
   "00027.png": 0.9830759763717651,
   "00063.png": 0.963803768157959,
   "00070.png": 0.9477709531784058,
   "00021.png": 0.957094132900238,
   "00042.png": 0.9729135036468506,
   "00052.png": 0.9676557779312134,
   "00007.png": 0.9718078970909119,
   "00002.png": 0.9609615206718445,
   "00066.png": 0.9819583892822266,
   "00036.png": 0.9379072189331055,
   "00048.png": 0.932062029838562,
   "00023.png": 0.9113261103630066,
   "00016.png": 0.9589214324951172,
   "00055.png": 0.9609825015068054,
   "00044.png": 0.945610523223877,
   "00064.png": 0.9109458327293396,
   "00031.png": 0.9791053533554077,
   "00015.png": 0.9686684608459473,
   "00030.png": 0.9172295331954956,
   "00068.png": 0.9407357573509216,
   "00053.png": 0.9459142088890076,
   "00028.png": 0.9823702573776245,
   "00035.png": 0.9782558679580688,
   "00011.png": 0.9252507090568542,
   "00020.png": 0.9689866304397583,
   "00010.png": 0.9317423701286316,
   "00037.png": 0.9709307551383972,
   "00061.png": 0.9245332479476929,
   "00057.png": 0.942420482635498,
   "00025.png": 0.9698919057846069,
   "00009.png": 0.9523231387138367,
   "00034.png": 0.9614467024803162,
   "00059.png": 0.954957127571106,
   "00013.png": 0.9689168334007263,
   "00043.png": 0.9653334617614746,
   "00032.png": 0.9668116569519043,
   "00060.png": 0.9643393754959106,
   "00019.png": 0.9703075885772705,
   "00029.png": 0.9215719103813171,
   "00001.png": 0.8993298411369324,
   "00040.png": 0.9490362405776978,
   "00062.png": 0.9563158750534058,
   "00071.png": 0.9759830236434937,
   "00049.png": 0.9410324096679688,
   "00005.png": 0.9624668955802917,
   "00018.png": 0.9793282747268677,
   "00051.png": 0.9735690951347351,
   "00014.png": 0.9155737161636353,
   "00022.png": 0.9740328788757324,
   "00017.png": 0.9599666595458984,
   "00054.png": 0.9744843244552612,
   "00038.png": 0.9741864204406738,
   "00024.png": 0.9250164031982422,
   "00046.png": 0.9821329116821289
  },
  "PSNR": {
   "00003.png": 30.20098876953125,
   "00000.png": 29.679182052612305,
   "00065.png": 26.260034561157227,
   "00056.png": 24.98664665222168,
   "00067.png": 25.879785537719727,
   "00033.png": 31.349815368652344,
   "00058.png": 24.217016220092773,
   "00069.png": 28.010665893554688,
   "00008.png": 26.976402282714844,
   "00047.png": 30.021163940429688,
   "00026.png": 30.07059097290039,
   "00045.png": 26.055587768554688,
   "00006.png": 28.763864517211914,
   "00041.png": 30.484615325927734,
   "00004.png": 26.210163116455078,
   "00039.png": 29.259201049804688,
   "00012.png": 27.26255226135254,
   "00050.png": 24.945281982421875,
   "00027.png": 32.02140426635742,
   "00063.png": 27.878047943115234,
   "00070.png": 26.257265090942383,
   "00021.png": 28.484588623046875,
   "00042.png": 28.891584396362305,
   "00052.png": 29.49144172668457,
   "00007.png": 29.196868896484375,
   "00002.png": 28.447093963623047,
   "00066.png": 31.00289535522461,
   "00036.png": 26.078128814697266,
   "00048.png": 25.222694396972656,
   "00023.png": 24.715492248535156,
   "00016.png": 27.480737686157227,
   "00055.png": 28.09159278869629,
   "00044.png": 25.510868072509766,
   "00064.png": 25.492965698242188,
   "00031.png": 30.451383590698242,
   "00015.png": 28.395557403564453,
   "00030.png": 24.745901107788086,
   "00068.png": 25.5623722076416,
   "00053.png": 28.260574340820312,
   "00028.png": 31.074913024902344,
   "00035.png": 30.548126220703125,
   "00011.png": 26.035625457763672,
   "00020.png": 29.4959659576416,
   "00010.png": 26.631866455078125,
   "00037.png": 29.950252532958984,
   "00061.png": 25.15599822998047,
   "00057.png": 27.335968017578125,
   "00025.png": 29.893999099731445,
   "00009.png": 26.329984664916992,
   "00034.png": 27.254011154174805,
   "00059.png": 26.88971710205078,
   "00013.png": 29.774808883666992,
   "00043.png": 27.95293617248535,
   "00032.png": 27.726829528808594,
   "00060.png": 28.57072639465332,
   "00019.png": 30.215572357177734,
   "00029.png": 25.86264419555664,
   "00001.png": 25.479530334472656,
   "00040.png": 26.749231338500977,
   "00062.png": 26.834354400634766,
   "00071.png": 30.341997146606445,
   "00049.png": 25.579158782958984,
   "00005.png": 28.237586975097656,
   "00018.png": 30.72978973388672,
   "00051.png": 29.71515464782715,
   "00014.png": 25.539663314819336,
   "00022.png": 30.195913314819336,
   "00017.png": 28.018333435058594,
   "00054.png": 30.20351791381836,
   "00038.png": 28.057331085205078,
   "00024.png": 25.29115867614746,
   "00046.png": 30.9580078125
  },
  "LPIPS": {
   "00003.png": 0.05171946436166763,
   "00000.png": 0.06627596169710159,
   "00065.png": 0.09287945926189423,
   "00056.png": 0.10711528360843658,
   "00067.png": 0.09505939483642578,
   "00033.png": 0.04244711250066757,
   "00058.png": 0.11471511423587799,
   "00069.png": 0.08703083544969559,
   "00008.png": 0.07991303503513336,
   "00047.png": 0.05686040222644806,
   "00026.png": 0.04501200467348099,
   "00045.png": 0.09798356890678406,
   "00006.png": 0.04817117750644684,
   "00041.png": 0.04424875229597092,
   "00004.png": 0.1281956136226654,
   "00039.png": 0.051969628781080246,
   "00012.png": 0.08773800730705261,
   "00050.png": 0.10806260257959366,
   "00027.png": 0.03489450365304947,
   "00063.png": 0.07289774715900421,
   "00070.png": 0.08104526996612549,
   "00021.png": 0.0767831951379776,
   "00042.png": 0.048976585268974304,
   "00052.png": 0.06468956917524338,
   "00007.png": 0.06075751781463623,
   "00002.png": 0.074626624584198,
   "00066.png": 0.04896467924118042,
   "00036.png": 0.10176116228103638,
   "00048.png": 0.1068832129240036,
   "00023.png": 0.13125401735305786,
   "00016.png": 0.0752296894788742,
   "00055.png": 0.07048995792865753,
   "00044.png": 0.0829821452498436,
   "00064.png": 0.1317439079284668,
   "00031.png": 0.05008308216929436,
   "00015.png": 0.05702604353427887,
   "00030.png": 0.1306716799736023,
   "00068.png": 0.09370967745780945,
   "00053.png": 0.08436735719442368,
   "00028.png": 0.047639306634664536,
   "00035.png": 0.04369613900780678,
   "00011.png": 0.11294160783290863,
   "00020.png": 0.06303943693637848,
   "00010.png": 0.09986245632171631,
   "00037.png": 0.05955630913376808,
   "00061.png": 0.10985302180051804,
   "00057.png": 0.09227602183818817,
   "00025.png": 0.0630064532160759,
   "00009.png": 0.08464081585407257,
   "00034.png": 0.06574157625436783,
   "00059.png": 0.08007080852985382,
   "00013.png": 0.05437580496072769,
   "00043.png": 0.06447364389896393,
   "00032.png": 0.049951646476984024,
   "00060.png": 0.07612061500549316,
   "00019.png": 0.06335543841123581,
   "00029.png": 0.11855915188789368,
   "00001.png": 0.14963248372077942,
   "00040.png": 0.09938614070415497,
   "00062.png": 0.07715912163257599,
   "00071.png": 0.05214327201247215,
   "00049.png": 0.10155041515827179,
   "00005.png": 0.06524425745010376,
   "00018.png": 0.04360027611255646,
   "00051.png": 0.05665576457977295,
   "00014.png": 0.12667275965213776,
   "00022.png": 0.05568278580904007,
   "00017.png": 0.08161812275648117,
   "00054.png": 0.051330532878637314,
   "00038.png": 0.0515417605638504,
   "00024.png": 0.10893064737319946,
   "00046.png": 0.047712065279483795
  }
 }
}