{
 "ours_30000": {
  "SSIM": 0.9548164010047913,
  "PSNR": 27.929771423339844,
  "LPIPS": 0.07782299816608429
 }
}